t-msedge.net,N/A,N/A
ax-msedge.net,N/A,N/A
office.net,N/A,N/A
windowsupdate.com,N/A,N/A
akadns.net,N/A,N/A
e2ro.com,N/A,N/A
apple-dns.net,N/A,N/A
gtld-servers.net,N/A,N/A
microsoftonline.com,N/A,N/A
domaincontrol.com,N/A,N/A
akamai.net,N/A,N/A
akamaiedge.net,N/A,N/A
aaplimg.com,N/A,N/A
trafficmanager.net,N/A,N/A
tiktokcdn.com,N/A,N/A
14emeliaterracewestroxburyma02132.su,N/A,N/A
akam.net,N/A,N/A
amazonaws.com,N/A,N/A
googleapis.com,0.846,172.217.20.68
cloudfront.net,N/A,N/A
googletagmanager.com,1.425,142.250.187.168
wikipedia.org,1.461,185.15.59.224
googlevideo.com,N/A,N/A
wordpress.org,1.926,198.143.164.252
gvt1.com,N/A,N/A
windows.net,N/A,N/A
appsflyersdk.com,2.002,18.244.87.42
goo.gl,1.82,142.251.140.14
googleusercontent.com,2.049,216.58.212.33
gvt2.com,N/A,N/A
icloud.com,2.245,17.253.144.10
x.com,2.293,172.66.0.227
dual-s-msedge.net,N/A,N/A
twitter.com,2.533,172.66.0.227
ytimg.com,N/A,N/A
google.com,2.563,172.217.17.238
ln-msedge.net,N/A,N/A
apple.com,3.02,17.253.144.10
facebook.com,3.037,157.240.9.35
fbcdn.net,3.032,157.240.9.35
vimeo.com,2.456,162.159.138.60
github.com,3.486,140.82.121.4
gstatic.com,3.643,142.250.187.163
bing.com,4.185,150.171.28.10
googlesyndication.com,4.121,142.251.140.68
microsoft.com,4.291,13.107.226.44
cdninstagram.com,N/A,N/A
nic.ru,3.07,31.177.80.4
ripn.net,N/A,N/A
a2z.com,N/A,N/A
edgekey.net,N/A,N/A
root-servers.net,N/A,N/A
digicert.com,4.784,45.60.131.229
yahoo.com,4.596,74.6.231.20
amazon.com,4.812,98.87.170.71
linkedin.com,4.817,150.171.22.12
dzen.ru,4.834,185.180.200.2
cloudflare.net,2.315,104.16.208.90
workers.dev,4.843,104.18.12.15
edgesuite.net,N/A,N/A
tiktok.com,4.228,2.22.245.19
tiktokv.com,3.053,95.100.104.29
roblox.com,4.86,128.116.44.3
fastly.net,5.077,151.101.1.6
wac-msedge.net,N/A,N/A
vedcdnlb.com,N/A,N/A
msn.com,5.285,204.79.197.219
whatsapp.net,5.538,157.240.9.53
cloudflare.com,5.579,104.16.133.229
whatsapp.com,5.388,157.240.9.53
azure.com,5.889,20.236.44.162
office.com,5.899,13.107.6.156
gandi.net,5.735,217.70.185.65
nginx.org,2.755,52.58.199.22
bytefcdn-oversea.com,N/A,N/A
pinterest.com,6.587,151.101.0.84
youtube.com,6.612,142.251.140.14
cloudflare-dns.com,3.584,104.16.248.249
sharepoint.com,N/A,N/A
doubleclick.net,6.859,142.251.140.78
instagram.com,6.871,157.240.9.174
zoom.us,4.709,170.114.52.2
aiv-cdn.net,N/A,N/A
adobe.com,N/A,N/A
msftncsi.com,N/A,N/A
googleadservices.com,2.479,142.251.140.66
dns.google,1.763,8.8.4.4
apache.org,1.797,151.101.2.132
app-measurement.com,1.721,142.250.187.174
googledomains.com,4.458,216.239.32.29
qq.com,5.452,203.205.254.157
amazon-adsystem.com,2.43,52.205.243.115
mail.ru,7.521,185.180.201.1
office365.com,4.966,40.112.243.53
ui.com,2.735,18.244.87.17
spotify.com,7.073,35.186.224.24
wordpress.com,4.191,192.0.78.9
dnsowl.com,N/A,N/A
youtu.be,7.851,142.250.187.174
spov-msedge.net,N/A,N/A
yandex.net,5.502,213.180.204.242
wa.me,5.703,157.240.9.53
live.com,8.241,204.79.197.212
t.me,3.508,149.154.167.99
skype.com,8.122,20.236.44.162
opera.com,5.789,185.26.182.104
ggpht.com,N/A,N/A
amazon.dev,N/A,N/A
3gppnetwork.org,N/A,N/A
steamserver.net,N/A,N/A
baidu.com,5.586,111.63.65.103
spo-msedge.net,N/A,N/A
registrar-servers.com,N/A,N/A
github.io,3.322,185.199.110.153
okcdn.ru,3.448,217.20.155.82
pki.goog,1.653,216.239.32.29
miit.gov.cn,N/A,N/A
app-analytics-services.com,1.655,172.217.17.110
reddit.com,4.438,151.101.193.140
gravatar.com,3.315,192.0.80.241
adnxs.com,2.255,185.89.210.46
tiktokcdn-us.com,N/A,N/A
google-analytics.com,6.702,172.217.17.228
msedge.net,N/A,N/A
forms.gle,1.555,199.36.158.100
sentry.io,4.57,35.186.247.156
ntp.org,9.203,209.148.110.246
cdn77.org,N/A,N/A
trbcdn.net,N/A,N/A
criteo.com,4.041,23.185.0.4
msftconnecttest.com,N/A,N/A
yandex.ru,2.347,77.88.55.88
samsung.com,6.598,211.45.27.231
vk.com,4.705,87.240.132.67
mozilla.org,4.977,35.190.14.201
snapchat.com,4.706,34.149.46.130
bit.ly,7.755,67.199.248.10
europa.eu,4.72,147.67.34.45
azurefd.net,N/A,N/A
vecdnlb.com,N/A,N/A
one.one,3.595,195.47.247.8
archive.org,2.881,207.241.224.2
discord.gg,2.683,162.159.133.234
netflix.com,10.199,18.200.8.190
discord.com,0.993,162.159.136.232
unity3d.com,N/A,N/A
nflxso.net,N/A,N/A
chatgpt.com,1.295,172.64.155.209
medium.com,1.196,162.159.153.4
reg.ru,1.597,194.67.72.31
intuit.com,4.023,95.100.184.209
flickr.com,1.706,18.165.72.89
applovin.com,2.655,34.54.184.105
cloud.microsoft,3.63,20.236.44.162
dns.cn,N/A,N/A
cdn-apple.com,N/A,N/A
pv-cdn.net,N/A,N/A
azurewebsites.net,N/A,N/A
health.mil,N/A,N/A
soundcloud.com,1.612,18.244.87.105
telecid.ru,N/A,N/A
aws.dev,N/A,N/A
tumblr.com,4.176,192.0.77.40
adsrvr.org,1.528,18.245.46.101
nih.gov,4.36,156.40.212.210
pubmatic.com,2.306,18.245.46.74
dropbox.com,5.51,162.125.248.18
shopify.com,2.674,23.227.38.33
edgecdn.ru,N/A,N/A
nist.gov,4.617,172.65.90.26
aliyuncs.com,2.761,106.15.148.44
rubiconproject.com,3.615,69.194.143.123
vungle.com,2.259,141.193.213.11
wsdvs.com,N/A,N/A
w3.org,2.798,104.18.22.19
epicgames.com,5.493,98.84.247.172
doubleverify.com,1.803,199.60.103.165
macromedia.com,N/A,N/A
t.co,2.17,172.66.0.227
azureedge.net,N/A,N/A
nginx.com,8.15,159.60.134.0
demdex.net,N/A,N/A
nytimes.com,4.717,151.101.129.164
example.com,2.088,23.215.0.136
userapi.com,6.623,87.240.129.187
kaspersky.com,4.663,77.74.178.24
kwai-pro.com,N/A,N/A
godaddy.com,4.285,208.109.192.70
adtrafficquality.google,4.052,172.217.17.132
paypal.com,5.285,162.159.141.96
creativecommons.org,2.875,104.20.5.134
sourceforge.net,2.393,104.18.13.149
amazonvideo.com,5.088,18.165.72.24
ttdns2.com,N/A,N/A
wixsite.com,N/A,N/A
adriver.ru,4.485,195.209.108.82
wildberries.ru,3.629,185.62.202.2
lencr.org,3.613,63.176.8.218
akamaized.net,N/A,N/A
jomodns.com,N/A,N/A
xiaomi.com,7.218,124.251.34.141
static.microsoft,N/A,N/A
telekom.de,6.036,3.75.56.200
capcutapi.com,N/A,N/A
blogspot.com,9.266,216.58.213.105
taboola.com,4.455,151.101.2.132
alibabadns.com,N/A,N/A
a-msedge.net,N/A,N/A
nr-data.net,N/A,N/A
rocket-cdn.com,N/A,N/A
playstation.net,N/A,N/A
comcast.net,N/A,N/A
ksyuncdn.com,N/A,N/A
safebrowsing.apple,N/A,N/A
b-cdn.net,5.932,138.199.37.229
android.com,5.149,216.58.212.36
youtube-nocookie.com,N/A,N/A
f5.com,4.692,159.60.134.0
theguardian.com,5.216,151.101.1.111
facebook.net,N/A,N/A
rbxcdn.com,N/A,N/A
omtrdc.net,N/A,N/A
outlook.com,8.674,52.96.229.242
mts.ru,4.171,178.248.237.216
media-amazon.com,N/A,N/A
openai.com,1.899,172.64.154.211
shifen.com,N/A,N/A
wikimedia.org,2.015,185.15.59.224
launchpad.net,1.493,185.125.189.223
mtgglobals.com,N/A,N/A
hichina.com,N/A,N/A
myfritz.net,4.197,212.42.244.100
tinyurl.com,1.468,104.18.111.161
ozon.ru,N/A,N/A
twitch.tv,4.822,151.101.2.167
bbc.com,4.492,151.101.64.81
researchgate.net,3.845,104.18.41.9
bbc.co.uk,5.162,151.101.64.81
samsungcloud.com,N/A,N/A
ttvnw.net,N/A,N/A
inmobi.com,4.151,35.212.28.75
linktr.ee,2.781,151.101.2.133
samsungqbe.com,N/A,N/A
cpanel.net,4.412,208.74.121.151
yandex.com,2.578,77.88.55.88
fastly-edge.com,N/A,N/A
adobe.io,7.085,52.202.204.11
meraki.com,3.953,18.165.72.129
nominetdns.uk,N/A,N/A
groksearch.net,N/A,N/A
oracle.com,4.819,138.1.33.162
mailinabox.email,1.732,94.76.202.152
mit.edu,4.572,23.214.134.19
sciencedirect.com,5.22,203.22.241.8
ebay.com,5.605,104.126.37.128
mangosip.ru,N/A,N/A
forbes.com,6.905,151.101.130.49
imdb.com,4.664,98.82.155.134
cdngslb.com,N/A,N/A
hubspot.com,4.24,104.17.92.187
salesforce.com,6.967,23.1.99.130
canva.com,3.992,104.16.102.112
who.int,4.279,192.133.11.1
scorecardresearch.com,4.963,165.193.78.252
openx.net,2.189,35.244.159.8
windows.com,13.731,20.236.44.162
hp.com,N/A,N/A
miui.com,N/A,N/A
dns-parking.com,N/A,N/A
heytapmobile.com,N/A,N/A
moe.video,3.061,212.41.1.97
casalemedia.com,6.803,104.18.27.193
roku.com,5.097,162.159.136.11
issuu.com,2.006,151.101.1.55
3lift.com,1.793,18.244.87.93
doi.org,5.694,104.26.4.132
nstld.com,N/A,N/A
ok.ru,2.37,217.20.155.13
cisco.com,5.605,72.163.4.185
webex.com,6.737,144.196.130.69
appsflyer.com,4.182,54.208.194.228
mozilla.com,4.993,35.190.14.201
mzstatic.com,2.741,17.253.142.4
shalltry.com,2.362,18.165.72.97
douyincdn.com,N/A,N/A
weather.com,7.002,104.83.111.165
grammarly.com,4.271,18.244.87.96
overload.su,1.519,216.198.79.1
tiktokv.us,N/A,N/A
amazon.co.uk,3.564,3.254.236.223
hostgator.com,3.513,172.64.144.208
ibm.com,4.784,95.101.46.117
launchdarkly.com,1.748,15.197.167.90
kaspersky-labs.com,N/A,N/A
gmail.com,8.011,142.251.38.229
harvard.edu,3.548,192.0.66.20
reuters.com,3.577,155.46.172.255
forter.com,1.392,141.193.213.21
adsafeprotected.com,1.447,3.174.46.124
crashlytics.com,3.73,216.239.32.29
slack.com,1.844,3.68.175.98
drom.ru,4.823,185.65.149.115
vedsalb.com,N/A,N/A
2mdn.net,N/A,N/A
mikrotik.com,1.61,159.148.172.205
cncdn.com,N/A,N/A
name-services.com,N/A,N/A
cdc.gov,1.064,2.22.245.67
akamaihd.net,N/A,N/A
arubanetworks.com,N/A,N/A
php.net,3.556,185.85.0.29
byteoversea.net,N/A,N/A
myshopify.com,1.29,23.227.38.32
samsungcloudsolution.com,N/A,N/A
allawnos.com,N/A,N/A
ubuntu.com,7.871,185.125.190.20
wiley.com,3.621,63.97.118.67
jsdelivr.net,N/A,N/A
mi.com,5.024,161.117.94.231
ibyteimg.com,N/A,N/A
heytapdl.com,N/A,N/A
mynetname.net,N/A,N/A
dropcatch.com,2.481,172.66.151.154
browser-intake-datadoghq.com,1.691,3.233.158.111
pages.dev,2.596,104.18.21.135
go.com,3.612,76.223.18.1
googleblog.com,6.765,142.250.187.97
huawei.com,N/A,N/A
ea.com,3.592,2.16.188.164
ampproject.org,5.03,142.250.187.142
alibaba.com,4.952,47.246.131.198
media.net,4.85,23.219.4.22
checkpoint.com,1.362,3.174.255.60
kwaipros.com,N/A,N/A
tiktokrow-cdn.com,N/A,N/A
booking.com,2.907,18.244.87.77
autodesk.com,3.065,50.19.149.4
steampowered.com,5.225,23.196.141.21
aiv-delivery.net,N/A,N/A
expireddomains.com,1.569,104.26.15.122
dnsmadeeasy.com,2.544,208.80.120.82
netangels.ru,5.234,213.189.223.5
tradingview.com,4.032,18.165.72.63
weebly.com,5.217,74.115.51.7
cookielaw.org,2.598,104.18.87.42
springer.com,2.921,151.101.204.95
smartadserver.com,4.144,34.160.41.36
dailymotion.com,2.75,195.8.215.136
espn.com,1.079,18.165.72.49
nease.net,N/A,N/A
etsy.com,3.155,151.101.193.224
wsj.com,2.85,18.244.87.83
cnn.com,13.13,151.101.131.5
sc-gw.com,N/A,N/A
unsplash.com,0.957,151.101.193.181
nature.com,5.561,151.101.204.95
ivi.ru,3.914,80.67.43.1
telegraph.co.uk,2.643,18.165.72.62
stripe.com,7.479,52.30.58.64
bloomberg.com,2.678,3.33.146.110
id5-sync.com,0.799,162.19.138.82
indeed.com,0.818,162.159.130.67
cloudns.net,2.122,136.243.33.126
telegram.org,0.756,149.154.167.99
opendns.com,4.126,146.112.62.105
avcdn.net,N/A,N/A
sfx.ms,N/A,N/A
tiktokcdn-eu.com,N/A,N/A
weibo.com,4.931,36.51.224.123
debian.org,4.999,151.101.2.132
independent.co.uk,0.742,151.101.193.184
cdnbuild.net,N/A,N/A
gnu.org,3.327,209.51.188.116
tiktokv.eu,N/A,N/A
pangle.io,N/A,N/A
duckduckgo.com,0.739,40.114.177.156
wp.com,2.411,192.0.78.24
un.org,3.439,157.150.185.49
adobe.net,N/A,N/A
sberbank.ru,1.04,84.252.149.206
tp-link.com,2.687,18.244.87.31
temu.com,1.587,151.101.66.58
pixabay.com,0.789,104.18.40.96
vkuser.net,N/A,N/A
erome.com,3.204,192.99.110.194
scdn.co,N/A,N/A
rzone.de,N/A,N/A
bidswitch.net,1.141,34.160.122.192
xboxlive.com,N/A,N/A
ip-api.com,1.326,208.95.112.1
dailymail.co.uk,4.452,2.16.188.206
clarity.ms,N/A,N/A
qlivecdn.com,N/A,N/A
nasa.gov,2.133,192.0.66.108
stanford.edu,3.377,171.67.215.200
inner-active.mobi,N/A,N/A
businessinsider.com,2.185,151.101.65.171
avast.com,3.318,2.16.190.44
naver.com,4.203,223.130.192.248
sharethrough.com,1.938,198.202.211.1
notamedia.ru,2.848,5.188.83.102
steamcommunity.com,1.234,23.50.156.14
google.de,2.991,172.217.17.99
myhuaweicloud.com,N/A,N/A
calendly.com,1.773,104.18.41.175
ngenix.net,1.112,195.209.67.189
amazonalexa.com,2.332,3.33.131.74
beian.gov.cn,N/A,N/A
cookiedatabase.org,1.621,188.114.96.8
dell.com,5.628,143.166.30.172
wyzecam.com,2.073,104.18.17.228
telegram.me,1.95,149.154.167.99
washingtonpost.com,N/A,N/A
google.com.br,3.359,142.251.140.3
nvidia.com,3.532,34.194.97.138
cornell.edu,2.811,128.253.173.245
amazon.de,2.476,3.253.168.19
plesk.com,2.958,172.64.147.135
statista.com,2.038,18.244.87.75
online-metrix.net,N/A,N/A
bilibili.com,N/A,N/A
xcal.tv,N/A,N/A
cdn20.com,N/A,N/A
cnbc.com,2.292,3.211.52.41
quora.com,2.426,3.216.97.102
gitlab.com,1.888,172.65.251.78
alidns.com,2.986,203.119.169.88
aliexpress.com,1.604,47.246.173.30
addtoany.com,1.757,104.20.20.192
b-msedge.net,N/A,N/A
vivoglobal.com,1.711,156.59.238.20
bamgrid.com,N/A,N/A
trustpilot.com,1.81,34.255.91.119
sohu.com,1.871,61.135.164.50
2gis.com,1.636,91.236.51.50
teamviewer.com,2.626,52.223.21.92
npr.org,2.058,18.165.72.58
discord.media,0.486,162.159.130.235
speedtest.net,1.129,151.101.2.219
ezvizlife.com,5.139,34.243.200.207
duolingo.com,2.606,44.199.4.13
uber.com,2.116,69.48.216.7
aol.com,1.339,76.223.84.192
s-msedge.net,N/A,N/A
my.com,N/A,N/A
uol.com.br,2.931,200.147.35.149
list-manage.com,N/A,N/A
eventbrite.com,2.162,18.244.87.121
msidentity.com,N/A,N/A
foxnews.com,1.763,23.214.209.137
goodreads.com,2.711,44.215.119.15
behance.net,1.561,151.101.193.197
nflxvideo.net,N/A,N/A
taobao.com,3.928,59.82.43.239
consultant.ru,2.592,194.105.131.45
dccnet.com.cn,N/A,N/A
aliyun.com,7.128,106.11.248.146
zendesk.com,1.819,216.198.53.2
line.me,3.175,147.92.243.206
mediatek.com,3.983,60.250.184.101
wb.ru,1.965,185.138.255.1
walmart.com,2.84,23.220.112.160
bluehost.com,2.216,104.18.41.208
goskope.com,N/A,N/A
kwai.net,N/A,N/A
giphy.com,2.338,151.101.193.91
time.com,1.632,151.101.131.52
ipv4only.arpa,N/A,N/A
svc.ms,N/A,N/A
indiatimes.com,3.397,95.101.44.69
cloudflareinsights.com,1.152,104.16.79.73
afternic.com,3.405,216.69.141.26
stackoverflow.com,2.083,198.252.206.1
myqcloud.com,N/A,N/A
amplitude.com,2.285,13.248.219.127
ietf.org,2.174,104.16.44.99
wired.com,2.649,52.223.6.210
nflximg.com,N/A,N/A
scribd.com,2.25,151.101.66.152
yahoo.co.jp,4.08,182.22.28.252
g.page,4.317,216.239.32.27
alicdn.com,N/A,N/A
live-video.net,N/A,N/A
gosuslugi.ru,1.687,213.59.253.7
amzn.to,2.924,67.199.248.13
dnspod.net,N/A,N/A
slideshare.net,2.924,151.101.66.152
deepintent.com,2.861,141.193.213.21
google.com.hk,2.828,142.250.187.163
ft.com,2.177,151.101.130.46
cox.net,3.162,98.182.1.143
usatoday.com,2.868,199.232.82.62
netease.com,N/A,N/A
rlcdn.com,N/A,N/A
indexww.com,1.541,104.18.24.18
tencent-cloud.net,N/A,N/A
163.com,5.386,59.111.160.244
icloud-content.com,3.527,17.253.142.4
netflix.net,7.645,204.236.236.127
comcast.com,N/A,N/A
gcdn.co,N/A,N/A
xhamster.com,1.28,104.18.146.40
jquery.com,1.051,104.18.156.119
verisign.com,3.557,209.131.162.145
mysql.com,3.481,138.1.33.162
bsky.app,1.307,52.14.57.144
adobedtm.com,N/A,N/A
crpt.ru,1.42,91.215.43.194
bdydns.com,N/A,N/A
xiaomi.net,N/A,N/A
atlassian.com,2.912,18.165.72.79
gandi-ns.fr,N/A,N/A
wbbasket.ru,N/A,N/A
byteglb.com,N/A,N/A
imcmdb.net,N/A,N/A
globo.com,7.042,186.192.83.12
google.co.uk,3.874,172.217.17.99
rutube.ru,1.612,178.248.233.148
firefox.com,2.516,35.190.14.201
yahoodns.net,N/A,N/A
tripadvisor.com,1.139,18.165.72.61
imgur.com,1.078,199.232.192.193
fast.com,1.322,104.83.106.92
tandfonline.com,1.186,172.64.148.133
patreon.com,2.28,104.16.24.14
docker.com,2.538,23.185.0.4
oup.com,1.278,75.2.119.185
t-online.de,3.077,52.209.116.123
mcafee.com,N/A,N/A
fandom.com,1.56,199.232.208.194
mega.co.nz,1.162,66.203.124.31
name.com,2.094,104.18.6.161
run.app,1.052,216.239.38.53
intel.com,2.097,13.91.95.74
awswaf.com,N/A,N/A
timeweb.ru,3.031,185.65.148.89
adform.net,0.701,37.157.5.84
tm-azurefd.net,N/A,N/A
imgsmail.ru,4.778,217.69.139.70
yandxadservices.net,N/A,N/A
worldnic.com,N/A,N/A
free.fr,2.424,212.27.48.10
stbid.ru,N/A,N/A
licdn.com,N/A,N/A
360yield.com,3.908,54.229.131.33
eset.com,2.437,91.228.167.128
easebar.com,N/A,N/A
cdnvideo.ru,5.414,151.236.80.22
lijit.com,1.271,52.84.45.33
visualstudio.com,4.086,150.171.73.16
paloaltonetworks.com,3.612,34.107.151.202
namebrightdns.com,N/A,N/A
hicloud.com,N/A,N/A
vtwenty.com,N/A,N/A
azure-dns.com,N/A,N/A
googletagservices.com,N/A,N/A
wix.com,3.341,199.15.163.133
twimg.com,N/A,N/A
shein.com,4.658,52.39.90.56
blogger.com,4.961,142.250.187.169
sentinelone.net,N/A,N/A
dotomi.com,3.044,159.127.43.8
spaceweb.pro,N/A,N/A
branch.io,2.093,18.244.87.77
dynatrace.com,2.835,18.245.86.81
hotjar.com,2.921,18.244.87.124
supercell.com,1.567,18.244.87.60
vkontakte.ru,3.719,87.240.132.67
target.com,3.396,151.101.130.187
pendo.io,2.356,34.54.74.243
elasticbeanstalk.com,N/A,N/A
berkeley.edu,3.448,141.193.213.21
braze.com,3.267,104.17.227.60
sina.com.cn,5.77,36.51.254.91
sophos.com,3.305,2.21.69.27
trendmicro.com,3.245,150.70.232.194
live.net,N/A,N/A
uk.com,1.816,54.153.56.183
samsungapps.com,N/A,N/A
vivo.com.cn,N/A,N/A
g.co,1.563,142.250.187.174
onetrust.com,2.116,104.18.32.137
ys7.com,5.506,60.190.232.40
accuweather.com,1.808,2.17.179.163
nypost.com,5.075,192.0.66.32
intercom.io,3.04,18.244.87.11
britannica.com,3.66,52.21.111.42
att.net,8.3,144.160.36.42
deviantart.com,6.1,18.244.87.36
loc.gov,3.071,104.18.64.82
squarespace.com,3.078,198.49.23.177
buzzfeed.com,3.245,151.101.194.114
awsglobalaccelerator.com,N/A,N/A
cnet.com,4.073,199.232.198.154
agkn.com,N/A,N/A
ikea.com,2.84,104.18.12.173
gdemoideti.ru,1.401,81.163.16.10
aboutads.info,2.526,104.26.3.98
digitalocean.com,1.284,104.19.173.68
hostgator.com.br,2.487,172.66.40.38
shutterstock.com,2.773,99.83.219.164
merriam-webster.com,2.902,18.244.87.90
telekom.net,2.944,80.158.66.24
wbx2.com,N/A,N/A
ieee.org,2.365,140.98.193.152
he.net,1.805,216.218.236.2
360safe.com,N/A,N/A
smaato.net,N/A,N/A
substack.com,2.041,172.64.150.56
tplinkcloud.com,4.476,54.77.167.67
ca.gov,4.041,13.107.213.44
arxiv.org,1.443,151.101.67.42
grammarly.io,N/A,N/A
1rx.io,N/A,N/A
techcrunch.com,1.85,192.0.66.220
tbcache.com,N/A,N/A
noaa.gov,3.292,137.75.88.7
amazontrust.com,2.723,18.165.72.89
www.gov.uk,N/A,N/A
sc-cdn.net,N/A,N/A
tapad.com,1.706,34.96.66.233
ovh.net,2.765,54.39.46.56
cbsnews.com,4.345,151.101.129.188
yelp.com,3.232,151.101.36.116
liadm.com,N/A,N/A
vidaahub.com,N/A,N/A
elpais.com,2.151,2.21.69.10
surveymonkey.com,4.023,18.244.87.11
rakuten.co.jp,N/A,N/A
force.com,4.194,23.1.99.130
cmediahub.ru,N/A,N/A
amazon.co.jp,5.285,18.246.95.183
yieldmo.com,2.611,35.212.43.67
googlezip.net,N/A,N/A
quickconnect.to,3.501,44.238.56.92
ovscdns.com,N/A,N/A
service.gov.uk,N/A,N/A
deepl.com,2.667,172.64.151.134
newrelic.com,3.238,151.101.194.217
bidr.io,N/A,N/A
brave.com,1.908,3.171.214.97
steamstatic.com,N/A,N/A
bidmachine.io,2.357,104.18.2.182
withgoogle.com,1.955,142.251.140.46
nike.com,3.969,18.165.72.84
wp.pl,3.661,212.77.98.9
okta.com,3.036,18.244.87.6
wattpad.com,3.089,18.244.87.75
optimizely.com,3.128,217.114.94.2
oraclecloud.com,3.165,138.1.33.162
mailchimp.com,2.201,104.122.212.103
nel.goog,N/A,N/A
shopee.com.br,2.324,147.136.133.254
jotform.com,3.029,104.18.25.107
appcenter.ms,1.867,13.107.213.44
ted.com,4.025,52.54.57.2
marriott.com,1.283,173.222.12.106
omnitagjs.com,N/A,N/A
amazon.fr,2.602,3.254.236.66
conviva.com,2.617,141.193.213.21
creativecdn.com,0.976,185.184.8.90
anydesk.com,0.991,104.18.30.170
markmonitor.com,2.637,172.64.148.104
fontawesome.com,4.355,104.18.22.52
chinamobile.com,N/A,N/A
avito.ru,2.578,176.114.124.24
pinimg.com,3.493,151.101.0.84
dreamhost.com,3.804,18.160.46.14
exp-tas.com,N/A,N/A
bytefcdn-ttpus.com,N/A,N/A
impervadns.net,N/A,N/A
nic.network,N/A,N/A
quantserve.com,1.53,44.230.238.127
outbrain.com,3.041,151.101.2.132
cambridge.org,2.321,104.17.111.190
samsungacr.com,N/A,N/A
volcfcdndvs.com,N/A,N/A
dbankcloud.com,N/A,N/A
heylink.me,0.888,104.18.160.220
rt.ru,2.546,87.226.162.216
hath.network,N/A,N/A
websitewelcome.com,N/A,N/A
ks-cdn.com,N/A,N/A
w3schools.com,3.456,13.248.240.135
redhat.com,3.049,52.200.142.250
viber.com,4.225,100.24.203.76
ring.com,1.827,44.215.139.64
amazon.ca,3.09,98.87.171.159
vkuserphoto.ru,1.74,87.240.129.187
newsweek.com,0.954,76.223.48.94
stackadapt.com,4.777,34.204.55.14
imrworldwide.com,N/A,N/A
mhverifier.ru,N/A,N/A
ya.ru,1.798,77.88.44.242
gumgum.com,2.0,18.244.87.94
33across.com,2.182,151.101.194.159
spiegel.de,2.752,128.65.210.8
criteo.net,N/A,N/A
theverge.com,1.131,151.101.193.91
people.com,1.483,162.159.141.224
mdpi.com,1.372,92.123.103.57
lemonde.fr,3.123,151.101.122.137
t-mobile.com,1.057,23.205.249.201
githubusercontent.com,N/A,N/A
mediafire.com,2.02,104.17.148.83
whecloud.com,N/A,N/A
duckdns.org,5.534,3.99.66.9
fb.com,3.484,157.240.9.35
typekit.net,N/A,N/A
telephony.goog,N/A,N/A
xerox.com,3.725,13.13.40.11
sagepub.com,3.013,13.64.115.186
shopee.co.id,2.18,147.136.172.128
unesco.org,3.295,193.242.192.41
klaviyo.com,3.614,18.244.87.93
google.cn,1.839,172.217.169.99
geobasket.ru,N/A,N/A
qualtrics.com,3.242,23.21.43.10
wswebcdn.com,N/A,N/A
bugsnag.com,N/A,N/A
salesforceliveagent.com,3.756,35.176.92.19
asus.com,3.005,103.10.4.227
disqus.com,0.998,151.101.192.134
turn.com,N/A,N/A
mixpanel.com,2.365,34.117.152.135
investopedia.com,2.122,162.159.141.224
zillow.com,2.954,18.244.87.119
bestbuy.com,1.347,173.222.12.203
webmd.com,2.689,207.231.204.56
onelink.me,2.485,18.244.87.17
amazon.in,2.254,3.253.170.100
bytefcdn-ttpeu.com,N/A,N/A
box.com,2.266,74.112.186.157
webhostbox.net,N/A,N/A
bandcamp.com,0.561,151.101.193.91
zoho.com,3.393,136.143.182.155
warnerbros.com,3.275,44.238.91.249
myspace.com,N/A,N/A
lgtvcommon.com,N/A,N/A
xvideos.com,2.808,185.88.181.2
allaboutcookies.org,1.087,172.66.131.207
adguard-vpn.online,N/A,N/A
ozone.ru,N/A,N/A
tencent.com,N/A,N/A
latimes.com,2.207,13.248.222.133
adobedc.net,N/A,N/A
curseforge.com,1.727,104.17.29.3
fiverr.com,1.99,104.18.114.47
hihonorcloud.com,3.061,49.7.254.140
playstation.com,N/A,N/A
prnewswire.com,2.033,172.64.155.209
linode.com,N/A,N/A
ssl-images-amazon.com,N/A,N/A
ups.com,N/A,N/A
everesttech.net,N/A,N/A
vk.ru,2.177,87.240.132.67
airbnb.com,3.396,166.117.27.62
a-mo.net,0.892,18.165.72.63
rackspace.net,N/A,N/A
recaptcha.net,0.87,142.250.187.163
ipify.org,N/A,N/A
life360.com,3.086,3.221.115.112
edgecastdns.net,N/A,N/A
iso.org,N/A,N/A
amazon.es,2.424,3.254.238.145
liftoff.io,1.835,141.193.213.21
azure-devices.net,N/A,N/A
freepik.com,1.547,34.160.205.140
amazon.it,1.785,3.253.168.74
bitrix24.ru,2.032,178.248.238.120
me.com,1.827,17.253.142.4
unpkg.com,0.874,104.18.0.22
livejournal.com,2.257,81.19.74.1
firebaseio.com,N/A,N/A
dfn.nl,N/A,N/A
discordapp.com,2.024,162.159.129.233
spotifycdn.com,N/A,N/A
apnews.com,1.406,104.16.22.8
go-mpulse.net,N/A,N/A
clever.com,2.553,18.165.72.61
lenovo.com,2.05,23.208.241.28
unrulymedia.com,1.22,18.165.72.94
networkadvertising.org,2.458,18.244.87.121
hbr.org,1.481,18.165.72.32
yellowblue.io,N/A,N/A
rackspace.com,2.796,3.227.192.229
datadoghq.com,2.039,18.244.87.119
ameblo.jp,2.325,199.232.210.133
onetag-sys.com,0.932,51.89.9.251
xbox.com,2.89,20.236.44.162
cdn-vk.ru,N/A,N/A
allegro.pl,N/A,N/A
dbankcloud.cn,N/A,N/A
zenecn.net,N/A,N/A
academia.edu,2.529,18.165.72.84
nbcnews.com,3.513,44.219.25.60
atlassian.net,2.104,13.227.180.4
nic.io,1.369,75.2.38.108
mlb.com,2.831,34.102.163.158
zemanta.com,2.635,104.96.157.29
cloudsink.net,N/A,N/A
primevideo.com,2.251,18.165.72.24
usps.com,2.615,56.0.134.100
google.nl,3.077,142.251.140.35
afilias-nst.info,N/A,N/A
themeforest.net,1.054,172.64.144.180
onlyfans.com,1.339,162.159.140.146
rbc.ru,2.624,178.248.236.77
aliyuncsslbintl.com,N/A,N/A
flashtalking.com,1.686,104.248.231.123
no-ip.com,4.488,158.247.7.199
dbankcloud.ru,N/A,N/A
gtld.biz,N/A,N/A
adjust.com,2.221,76.76.21.21
teads.tv,3.14,63.32.210.191
aniview.com,2.284,99.84.188.16
python.org,2.605,151.101.128.223
shopifysvc.com,N/A,N/A
mayoclinic.org,3.565,129.176.1.88
lefigaro.fr,3.009,2.21.69.41
genius.com,1.162,104.18.22.208
pccc.com,1.545,69.171.29.32
cloudinary.com,0.913,162.159.133.82
mozilla.net,N/A,N/A
appspot.com,4.074,142.250.187.174
princeton.edu,N/A,N/A
rakuten.com,4.676,216.238.190.103
disneyplus.com,3.426,34.110.155.89
pexels.com,2.144,104.18.66.220
kickstarter.com,1.49,172.64.149.97
fda.gov,3.497,2.21.69.33
thenai.org,1.013,141.193.213.11
healthline.com,3.395,18.165.72.99
chess.com,2.321,104.18.137.67
cursor.sh,2.402,76.76.21.21
nikkei.com,4.599,35.71.146.174
tplinknbu.com,N/A,N/A
bild.de,3.233,95.100.104.4
bx-msedge.net,N/A,N/A
lwsdns.com,0.663,185.98.131.143
cootlogix.com,0.524,34.149.87.45
akamaitech.net,N/A,N/A
redditstatic.com,N/A,N/A
welt.de,3.133,75.2.108.245
hm.com,1.083,2.16.188.55
miwifi.com,N/A,N/A
pornhub.com,2.493,66.254.114.41
washington.edu,4.286,128.208.60.183
samsungosp.com,N/A,N/A
change.org,2.851,18.244.87.53
adgrx.com,N/A,N/A
discogs.com,2.95,44.233.226.63
prodregistryv2.org,0.71,34.128.128.0
kick.com,0.832,172.64.235.133
typeform.com,2.51,18.244.87.40
globalsign.com,2.098,104.18.20.226
classlink.com,1.873,198.202.211.1
360.cn,5.301,106.63.103.5
yximgs.com,N/A,N/A
cdnhwc1.com,N/A,N/A
homedepot.com,N/A,N/A
linklist.bio,2.014,104.20.24.32
synology.com,3.462,35.182.26.228
btloader.com,1.166,172.66.171.133
theatlantic.com,2.256,151.101.2.133
nationalgeographic.com,2.774,18.244.87.36
figma.com,3.653,18.165.72.58
bankofamerica.com,2.834,3.173.23.90
fidelity.com,3.309,2.22.245.34
docker.io,2.984,34.231.204.142
t-bank-app.ru,N/A,N/A
biblegateway.com,2.183,18.165.72.84
bytefcdn.com,N/A,N/A
agoda.com,2.866,103.6.182.20
onet.pl,2.826,18.244.87.94
e-msedge.net,N/A,N/A
richaudience.com,1.73,62.36.229.31
byteconnect.io,1.492,188.114.96.8
ui-dns.com,N/A,N/A
usgovcloudapi.net,N/A,N/A
samsungcloudsolution.net,N/A,N/A
smilewanted.com,1.007,172.66.154.88
readthedocs.io,4.459,104.16.254.120
worldbank.org,2.053,104.18.42.237
openstreetmap.org,2.112,82.199.86.103
threads.com,3.064,157.240.9.52
fbsbx.com,1.037,157.240.9.35
mailchi.mp,2.712,2.17.189.147
chaturbate.com,1.034,104.18.207.112
lowes.com,2.594,2.22.245.34
huffpost.com,2.631,151.101.194.114
palmplaystore.com,1.943,52.18.172.8
fwmrm.net,4.573,99.83.195.29
ebay.co.uk,3.716,2.18.244.90
onesignal.com,1.07,104.16.160.145
afilias-nst.org,N/A,N/A
immedia-semi.com,N/A,N/A
crazygames.com,1.671,104.17.122.62
tiktokw.us,N/A,N/A
seznam.cz,3.196,77.75.77.222
avsxappcaptiveportal.com,N/A,N/A
moloco.com,2.848,75.2.70.75
eu-1-id5-sync.com,N/A,N/A
whitehouse.gov,2.59,192.0.66.51
character.ai,2.278,104.18.222.226
note.com,1.234,18.165.72.24
usda.gov,N/A,N/A
firetvcaptiveportal.com,N/A,N/A
seedtag.com,2.19,34.140.37.23
dribbble.com,1.99,54.192.100.37
microsoftpersonalcontent.com,N/A,N/A
contextweb.com,1.426,74.214.194.128
mercadolivre.com.br,1.475,3.33.182.45
wps.com,3.447,190.92.221.14
4dex.io,N/A,N/A
ubnt.com,3.411,52.42.201.120
epa.gov,2.665,134.67.21.34
vkuseraudio.net,1.949,87.240.129.187
adblockplus.org,1.211,199.36.158.100
pbs.org,3.234,54.225.198.196
sedo.com,1.728,104.16.140.114
bytedns1.com,N/A,N/A
kslawin.com,N/A,N/A
otto.de,3.568,3.67.101.245
amazon.com.br,3.161,98.82.142.240
pvp.net,N/A,N/A
quizlet.com,0.876,104.16.134.27
smartthings.com,3.684,18.244.87.120
cdnhwc2.com,N/A,N/A
nintendo.net,N/A,N/A
playrix.com,1.029,18.165.72.58
kahoot.it,0.842,18.244.87.31
kunluncan.com,N/A,N/A
ad-delivery.net,1.383,104.20.47.80
mckinsey.com,N/A,N/A
netgear.com,3.021,76.223.14.31
frontiersin.org,2.638,20.105.75.30
mercadolibre.com.ar,1.397,3.33.182.45
www.gov.br,2.794,161.148.164.31
segment.io,4.123,52.10.123.179
xiaohongshu.com,4.592,43.159.24.58
xnxx.com,2.187,185.88.181.60
onlinepbx.ru,1.652,176.57.64.219
shopeemobile.com,3.484,147.136.141.130
gamepass.com,N/A,N/A
umich.edu,0.957,162.159.140.37
kueezrtb.com,2.298,172.66.162.81
spamhaus.org,2.211,3.126.246.180
kwcdn.com,N/A,N/A
deloitte.com,3.009,170.194.135.123
capcut.com,3.04,2.22.245.82
repubblica.it,2.627,18.244.87.112
ryanair.com,2.332,52.222.169.110
jetbrains.com,1.742,18.244.87.102
utorrent.com,3.163,34.201.157.226
instructure.com,1.964,151.101.2.132
1drv.com,N/A,N/A
hugedomains.com,0.765,172.67.70.191
arcgis.com,2.972,18.165.72.84
kunlungr.com,N/A,N/A
corriere.it,3.194,185.53.36.36
nexusmods.com,1.974,172.64.145.202
elmundo.es,2.773,34.90.247.117
eporner.com,2.19,94.75.220.1
presage.io,N/A,N/A
state.gov,4.388,100.28.244.61
rayjump.com,N/A,N/A
youku.com,7.488,106.11.43.107
ebay.de,3.845,23.55.104.13
columbia.edu,1.377,162.159.138.64
amazon.com.au,3.395,18.246.102.0
ancestry.com,1.243,104.18.1.50
perplexity.ai,1.751,104.18.26.48
split.io,2.119,198.202.211.1
huffingtonpost.com,2.26,18.244.87.11
letterboxd.com,1.799,104.20.22.249
bol.com,2.837,79.170.100.42
daum.net,5.198,211.249.220.24
macys.com,2.866,23.46.188.205
google.co.jp,3.836,216.58.213.99
kohls.com,2.265,2.22.245.147
weforum.org,2.636,34.252.46.183
binance.com,3.419,18.181.37.98
kwai.com,3.555,103.167.26.134
superhosting.bg,3.495,91.196.124.146
edna.ru,2.405,89.169.154.87
pixiv.net,3.085,210.140.139.155
kontur.ru,2.696,46.17.206.11
selectel.ru,2.758,85.119.149.3
attn.tv,N/A,N/A
xing.com,2.956,109.233.159.253
tds.net,3.496,216.165.153.4
lavanguardia.com,3.046,213.4.81.203
focus.de,3.69,2.21.33.24
cbc.ca,N/A,N/A
leparisien.fr,3.875,52.223.41.196
google.fr,3.183,172.217.20.67
crwdcntrl.net,N/A,N/A
caixa.gov.br,7.186,200.201.165.27
sportradar.com,15.603,141.193.213.21
